1999,,,,,,,,,,,,,,,,
 , 總計,465004,240727,224277,219024,121024,98000,209562,107974,101588,12586,6595,5991,23832,5134,18698
 , 未滿15,99695,51969,47726,99689,51968,47721,3,0,3,2,1,1,1,0,1
 , 15-19,40158,20537,19621,39582,20444,19138,555,90,465,15,3,12,6,0,6
 , 20-24,41380,21185,20195,35831,19741,16090,5110,1310,3800,415,134,281,24,0,24
 , 25-29,38378,19994,18384,20783,13024,7759,16517,6550,9967,1013,414,599,65,6,59
 , 30-34,38310,20573,17737,9693,6556,3137,26710,13153,13557,1708,831,877,199,33,166
 , 35-39,38375,20281,18094,4975,3349,1626,30514,15673,14841,2412,1197,1215,474,62,412
 , 40-44,34541,17866,16675,2700,1774,926,28579,14761,13818,2432,1220,1212,830,111,719
 , 45-49,29421,14928,14493,1618,979,639,24865,12857,12008,1751,951,800,1187,141,1046
 , 50-54,18716,9475,9241,782,475,307,15844,8271,7573,893,563,330,1197,166,1031
 , 55-59,20493,10283,10210,613,434,179,17237,9107,8130,625,422,203,2018,320,1698
 , 60-64,19570,9932,9638,566,446,120,15913,8685,7228,411,263,148,2680,538,2142
 , 65-69,16967,8858,8109,567,472,95,12610,7379,5231,335,210,125,3455,797,2658
 , 70-74,13435,7457,5978,706,627,79,8577,5619,2958,299,206,93,3853,1005,2848
 , 75-79,8551,4312,4239,525,439,86,4328,2879,1449,168,114,54,3530,880,2650
 , 80-84,4369,2013,2356,239,193,46,1569,1155,414,74,46,28,2487,619,1868
 , 85-89,2016,864,1152,121,84,37,528,408,120,28,16,12,1339,356,983
 , 90-94,527,171,356,25,14,11,87,66,21,5,4,1,410,87,323
 , 95-99,85,18,67,6,3,3,10,6,4,0,0,0,69,9,60
 ,100,17,11,6,3,2,1,6,5,1,0,0,0,8,4,4
2000,,,,,,,,,,,,,,,,
 , 總計,465186,240691,224495,217085,119784,97301,210186,108613,101573,13555,7099,6456,24360,5195,19165
 , 未滿15,98164,51270,46894,98160,51269,46891,1,0,1,2,1,1,1,0,1
 , 15-19,38646,19719,18927,38139,19637,18502,481,78,403,21,4,17,5,0,5
 , 20-24,41674,21427,20247,36359,19962,16397,4889,1331,3558,404,133,271,22,1,21
 , 25-29,37401,19389,18012,20692,12849,7843,15538,6089,9449,1110,446,664,61,5,56
 , 30-34,37946,20379,17567,9842,6626,3216,26146,12859,13287,1791,867,924,167,27,140
 , 35-39,38103,20196,17907,5129,3384,1745,30019,15510,14509,2498,1237,1261,457,65,392
 , 40-44,35180,18200,16980,2844,1856,988,28950,14942,14008,2558,1302,1256,828,100,728
 , 45-49,30949,15738,15211,1751,1081,670,25911,13384,12527,2072,1125,947,1215,148,1067
 , 50-54,20622,10501,10121,918,551,367,17343,9128,8215,1047,636,411,1314,186,1128
 , 55-59,18976,9501,9475,566,389,177,15911,8393,7518,656,442,214,1843,277,1566
 , 60-64,20098,10093,10005,582,433,149,16272,8854,7418,451,290,161,2793,516,2277
 , 65-69,17008,8673,8335,507,414,93,12708,7268,5440,324,202,122,3469,789,2680
 , 70-74,14000,7694,6306,653,567,86,9044,5911,3133,312,210,102,3991,1006,2985
 , 75-79,8905,4570,4335,516,441,75,4592,3079,1513,192,129,63,3605,921,2684
 , 80-84,4742,2234,2508,273,217,56,1741,1293,448,78,49,29,2650,675,1975
 , 85-89,2059,882,1177,106,82,24,525,411,114,32,21,11,1396,368,1028
 , 90-94,590,186,404,37,20,17,94,69,25,7,5,2,452,92,360
 , 95-99,102,27,75,7,4,3,14,8,6,0,0,0,81,15,66
 ,100,21,12,9,4,2,2,7,6,1,0,0,0,10,4,6
2001,,,,,,,,,,,,,,,,
 , 總計,465799,240529,225270,215776,118643,97133,210323,108895,101428,14868,7753,7115,24832,5238,19594
 , 未滿15,96874,50496,46378,96871,50495,46376,1,0,1,1,1,0,1,0,1
 , 15-19,36313,18658,17655,35888,18589,17299,404,68,336,20,1,19,1,0,1
 , 20-24,41432,21180,20252,36564,19865,16699,4455,1198,3257,396,116,280,17,1,16
 , 25-29,38122,19710,18412,21987,13410,8577,14848,5803,9045,1224,494,730,63,3,60
 , 30-34,37247,19860,17387,10109,6721,3388,25044,12191,12853,1927,918,1009,167,30,137
 , 35-39,37975,20191,17784,5315,3438,1877,29545,15350,14195,2694,1347,1347,421,56,365
 , 40-44,35788,18507,17281,2997,1935,1062,29200,15038,14162,2800,1435,1365,791,99,692
 , 45-49,31736,16225,15511,1872,1160,712,26296,13657,12639,2339,1262,1077,1229,146,1083
 , 50-54,23241,11750,11491,1054,604,450,19398,10185,9213,1314,762,552,1475,199,1276
 , 55-59,17943,9006,8937,574,380,194,14989,7902,7087,696,482,214,1684,242,1442
 , 60-64,20255,10138,10117,562,417,145,16359,8896,7463,490,315,175,2844,510,2334
 , 65-69,17166,8663,8503,475,376,99,12875,7324,5551,331,200,131,3485,763,2722
 , 70-74,14254,7700,6554,581,490,91,9349,5992,3357,313,206,107,4011,1012,2999
 , 75-79,9498,4937,4561,492,422,70,4982,3379,1603,197,138,59,3827,998,2829
 , 80-84,5038,2329,2709,284,227,57,1898,1380,518,90,54,36,2766,668,2098
 , 85-89,2164,932,1232,106,86,20,564,449,115,31,18,13,1463,379,1084
 , 90-94,616,200,416,34,20,14,95,67,28,5,4,1,482,109,373
 , 95-99,114,34,80,8,6,2,13,10,3,0,0,0,93,18,75
 ,100,23,13,10,3,2,1,8,6,2,0,0,0,12,5,7
2002,,,,,,,,,,,,,,,,
 , 總計,464107,239410,224697,213489,117158,96331,209454,108643,100811,16036,8358,7678,25128,5251,19877
 , 未滿15,94782,49456,45326,94782,49456,45326,0,0,0,0,0,0,0,0,0
 , 15-19,34488,17708,16780,34118,17661,16457,344,44,300,24,3,21,2,0,2
 , 20-24,41326,21149,20177,36904,19990,16914,3998,1052,2946,410,106,304,14,1,13
 , 25-29,38067,19725,18342,22707,13657,9050,14037,5538,8499,1265,526,739,58,4,54
 , 30-34,36581,19379,17202,10204,6683,3521,24164,11671,12493,2062,1001,1061,151,24,127
 , 35-39,37151,19738,17413,5403,3468,1935,28599,14843,13756,2750,1372,1378,399,55,344
 , 40-44,36550,18951,17599,3209,2050,1159,29455,15214,14241,3094,1580,1514,792,107,685
 , 45-49,32216,16508,15708,1950,1192,758,26513,13780,12733,2533,1370,1163,1220,166,1054
 , 50-54,25315,12804,12511,1211,697,514,20924,11030,9894,1586,884,702,1594,193,1401
 , 55-59,17199,8630,8569,573,367,206,14297,7524,6773,766,519,247,1563,220,1343
 , 60-64,20213,10070,10143,545,403,142,16287,8825,7462,550,371,179,2831,471,2360
 , 65-69,17513,8770,8743,450,352,98,13199,7464,5735,360,217,143,3504,737,2767
 , 70-74,14356,7515,6841,495,408,87,9478,5933,3545,302,193,109,4081,981,3100
 , 75-79,9843,5193,4650,477,414,63,5306,3634,1672,203,139,64,3857,1006,2851
 , 80-84,5386,2525,2861,284,224,60,2116,1504,612,96,55,41,2890,742,2148
 , 85-89,2283,971,1312,117,93,24,600,481,119,30,19,11,1536,378,1158
 , 90-94,701,271,430,49,34,15,112,87,25,5,3,2,535,147,388
 , 95-99,112,34,78,8,7,1,17,13,4,0,0,0,87,14,73
 ,100,25,13,12,3,2,1,8,6,2,0,0,0,14,5,9
2003,,,,,,,,,,,,,,,,
 , 總計,463285,238839,224446,211721,115954,95767,209004,108740,100264,17125,8869,8256,25435,5276,20159
 , 未滿15,91973,47980,43993,91973,47980,43993,0,0,0,0,0,0,0,0,0
 , 15-19,33789,17477,16312,33498,17440,16058,267,33,234,24,4,20,0,0,0
 , 20-24,40567,20783,19784,36668,19758,16910,3488,921,2567,393,104,289,18,0,18
 , 25-29,38343,19724,18619,23745,14036,9709,13216,5141,8075,1333,545,788,49,2,47
 , 30-34,35851,18918,16933,10564,6834,3730,22971,11044,11927,2157,1015,1142,159,25,134
 , 35-39,36552,19433,17119,5570,3548,2022,27811,14400,13411,2829,1432,1397,342,53,289
 , 40-44,37174,19454,17720,3388,2140,1248,29740,15523,14217,3294,1682,1612,752,109,643
 , 45-49,32837,16829,16008,2055,1269,786,26828,13959,12869,2736,1435,1301,1218,166,1052
 , 50-54,27317,13820,13497,1310,745,565,22486,11815,10671,1871,1058,813,1650,202,1448
 , 55-59,17138,8605,8533,583,349,234,14148,7501,6647,845,536,309,1562,219,1343
 , 60-64,19989,9905,10084,537,380,157,16091,8685,7406,602,408,194,2759,432,2327
 , 65-69,17784,8850,8934,458,354,104,13459,7553,5906,391,242,149,3476,701,2775
 , 70-74,14661,7529,7132,444,362,82,9769,6014,3755,290,179,111,4158,974,3184
 , 75-79,10273,5490,4783,463,398,65,5630,3894,1736,207,138,69,3973,1060,2913
 , 80-84,5766,2721,3045,282,222,60,2336,1664,672,110,67,43,3038,768,2270
 , 85-89,2327,961,1366,123,94,29,592,454,138,35,21,14,1577,392,1185
 , 90-94,780,303,477,46,35,11,146,119,27,7,2,5,581,147,434
 , 95-99,138,43,95,10,7,3,17,13,4,1,1,0,110,22,88
 ,100,26,14,12,4,3,1,9,7,2,0,0,0,13,4,9
2004,,,,,,,,,,,,,,,,
 , 總計,462286,238153,224133,210342,115028,95314,207591,108263,99328,18457,9526,8931,25896,5336,20560
 , 未滿15,89270,46589,42681,89269,46589,42680,1,0,1,0,0,0,0,0,0
 , 15-19,32953,17114,15839,32714,17085,15629,223,27,196,15,2,13,1,0,1
 , 20-24,39466,20183,19283,36115,19317,16798,2957,768,2189,371,98,273,23,0,23
 , 25-29,38676,19948,18728,25140,14681,10459,12070,4694,7376,1420,572,848,46,1,45
 , 30-34,34743,18130,16613,10972,6991,3981,21401,10092,11309,2227,1027,1200,143,20,123
 , 35-39,36370,19381,16989,5862,3705,2157,27154,14051,13103,3009,1567,1442,345,58,287
 , 40-44,37426,19631,17795,3613,2263,1350,29602,15511,14091,3492,1752,1740,719,105,614
 , 45-49,33806,17410,16396,2247,1406,841,27280,14262,13018,3066,1575,1491,1213,167,1046
 , 50-54,28709,14523,14186,1413,823,590,23544,12324,11220,2086,1179,907,1666,197,1469
 , 55-59,18049,9038,9011,682,393,289,14699,7785,6914,1016,626,390,1652,234,1418
 , 60-64,19453,9638,9815,513,348,165,15625,8439,7186,657,439,218,2658,412,2246
 , 65-69,18104,8987,9117,469,359,110,13682,7681,6001,422,267,155,3531,680,2851
 , 70-74,14843,7488,7355,402,318,84,9966,6034,3932,281,169,112,4194,967,3227
 , 75-79,10789,5743,5046,439,371,68,6024,4165,1859,229,154,75,4097,1053,3044
 , 80-84,6104,2894,3210,288,228,60,2503,1767,736,114,69,45,3199,830,2369
 , 85-89,2477,1030,1447,132,97,35,654,494,160,41,24,17,1650,415,1235
 , 90-94,860,362,498,54,41,13,177,149,28,10,5,5,619,167,452
 , 95-99,158,48,110,13,9,4,19,13,6,1,1,0,125,25,100
 ,100,30,16,14,5,4,1,10,7,3,0,0,0,15,5,10
2005,,,,,,,,,,,,,,,,
 , 總計,461586,237326,224260,208732,113916,94816,206657,107815,98842,19892,10240,9652,26305,5355,20950
 , 未滿15,86007,44764,41243,86006,44764,41242,1,0,1,0,0,0,0,0,0
 , 15-19,33031,17267,15764,32864,17249,15615,157,17,140,9,1,8,1,0,1
 , 20-24,38101,19411,18690,35181,18654,16527,2562,667,1895,341,89,252,17,1,16
 , 25-29,39296,20319,18977,26337,15290,11047,11455,4440,7015,1460,587,873,44,2,42
 , 30-34,33891,17582,16309,11390,7169,4221,20045,9332,10713,2329,1063,1266,127,18,109
 , 35-39,36228,19211,17017,6117,3873,2244,26569,13646,12923,3225,1644,1581,317,48,269
 , 40-44,37202,19563,17639,3825,2359,1466,29026,15251,13775,3672,1863,1809,679,90,589
 , 45-49,34407,17666,16741,2422,1493,929,27486,14315,13171,3318,1703,1615,1181,155,1026
 , 50-54,30217,15271,14946,1535,910,625,24469,12770,11699,2476,1372,1104,1737,219,1518
 , 55-59,19961,10059,9902,801,458,343,16199,8651,7548,1181,704,477,1780,246,1534
 , 60-64,18093,8967,9126,484,313,171,14454,7806,6648,710,481,229,2445,367,2078
 , 65-69,18620,9157,9463,485,353,132,14083,7849,6234,457,289,168,3595,666,2929
 , 70-74,15001,7408,7593,368,287,81,10073,5998,4075,285,171,114,4275,952,3323
 , 75-79,11306,5949,5357,418,350,68,6402,4391,2011,244,160,84,4242,1048,3194
 , 80-84,6374,3078,3296,284,228,56,2677,1909,768,126,76,50,3287,865,2422
 , 85-89,2769,1213,1556,140,107,33,785,598,187,44,28,16,1800,480,1320
 , 90-94,861,363,498,50,42,8,178,148,30,13,8,5,620,165,455
 , 95-99,185,59,126,18,12,6,24,18,6,2,1,1,141,28,113
 ,100,36,19,17,7,5,2,12,9,3,0,0,0,17,5,12
2006,,,,,,,,,,,,,,,,
 , 總計,460426,236447,223979,206776,112791,93985,205607,107258,98349,21321,11031,10290,26722,5367,21355
 , 未滿15,83018,43189,39829,83018,43189,39829,0,0,0,0,0,0,0,0,0
 , 15-19,33494,17497,15997,33332,17471,15861,154,26,128,8,0,8,0,0,0
 , 20-24,35795,18369,17426,33264,17723,15541,2234,571,1663,287,75,212,10,0,10
 , 25-29,39094,20035,19059,27004,15457,11547,10622,4037,6585,1422,538,884,46,3,43
 , 30-34,34348,17859,16489,12311,7707,4604,19404,8973,10431,2507,1162,1345,126,17,109
 , 35-39,35391,18690,16701,6395,4034,2361,25392,12955,12437,3306,1652,1654,298,49,249
 , 40-44,36978,19475,17503,4045,2469,1576,28391,14883,13508,3900,2037,1863,642,86,556
 , 45-49,34942,17927,17015,2589,1598,991,27563,14302,13261,3638,1877,1761,1152,150,1002
 , 50-54,31061,15778,15283,1684,1001,683,24906,13038,11868,2785,1535,1250,1686,204,1482
 , 55-59,22533,11303,11230,922,513,409,18112,9656,8456,1489,867,622,2010,267,1743
 , 60-64,17137,8543,8594,504,326,178,13662,7393,6269,739,503,236,2232,321,1911
 , 65-69,18761,9186,9575,464,327,137,14132,7851,6281,511,335,176,3654,673,2981
 , 70-74,15196,7457,7739,364,284,80,10240,6071,4169,294,173,121,4298,929,3369
 , 75-79,11657,6009,5648,369,293,76,6686,4479,2207,246,159,87,4356,1078,3278
 , 80-84,6864,3367,3497,276,220,56,3004,2174,830,127,78,49,3457,895,2562
 , 85-89,3025,1311,1714,153,113,40,880,667,213,50,31,19,1942,500,1442
 , 90-94,898,363,535,55,47,8,189,154,35,10,7,3,644,155,489
 , 95-99,198,68,130,18,11,7,26,21,5,2,2,0,152,34,118
 ,100,36,21,15,9,8,1,10,7,3,0,0,0,17,6,11
2007,,,,,,,,,,,,,,,,
 , 總計,460398,235952,224446,205656,111980,93676,204935,106849,98086,22522,11675,10847,27285,5448,21837
 , 未滿15,80044,41570,38474,80043,41570,38473,1,0,1,0,0,0,0,0,0
 , 15-19,33804,17730,16074,33634,17709,15925,160,20,140,10,1,9,0,0,0
 , 20-24,34213,17515,16698,32037,16970,15067,1890,474,1416,276,69,207,10,2,8
 , 25-29,39425,20134,19291,28105,15982,12123,9914,3645,6269,1358,503,855,48,4,44
 , 30-34,34671,18012,16659,13207,8164,5043,18736,8605,10131,2609,1228,1381,119,15,104
 , 35-39,34962,18316,16646,6625,4137,2488,24617,12418,12199,3434,1718,1716,286,43,243
 , 40-44,36423,19212,17211,4224,2573,1651,27626,14468,13158,3971,2094,1877,602,77,525
 , 45-49,35932,18478,17454,2800,1716,1084,28006,14558,13448,3975,2049,1926,1151,155,996
 , 50-54,31652,16102,15550,1766,1031,735,25200,13204,11996,3010,1647,1363,1676,220,1456
 , 55-59,24710,12406,12304,1065,592,473,19740,10548,9192,1769,999,770,2136,267,1869
 , 60-64,16519,8209,8310,520,311,209,13095,7070,6025,779,521,258,2125,307,1818
 , 65-69,18828,9208,9620,458,319,139,14168,7889,6279,555,375,180,3647,625,3022
 , 70-74,15600,7605,7995,366,280,86,10561,6224,4337,324,188,136,4349,913,3436
 , 75-79,11976,5990,5986,333,260,73,6830,4466,2364,243,153,90,4570,1111,3459
 , 80-84,7151,3553,3598,252,203,49,3195,2341,854,132,80,52,3572,929,2643
 , 85-89,3273,1433,1840,131,94,37,973,740,233,63,39,24,2106,560,1546
 , 90-94,968,373,595,58,42,16,180,142,38,13,10,3,717,179,538
 , 95-99,208,82,126,22,18,4,34,30,4,1,1,0,151,33,118
 ,100,39,24,15,10,9,1,9,7,2,0,0,0,20,8,12
2008,,,,,,,,,,,,,,,,
 , 總計,460902,235855,225047,203664,111002,92662,205854,107117,98737,23706,12307,11399,27678,5429,22249
 , 未滿15,76625,39967,36658,76625,39967,36658,0,0,0,0,0,0,0,0,0
 , 15-19,33800,17583,16217,33647,17556,16091,147,27,120,6,0,6,0,0,0
 , 20-24,33607,17339,16268,31637,16855,14782,1742,431,1311,221,51,170,7,2,5
 , 25-29,38999,19937,19062,28046,15912,12134,9667,3570,6097,1238,452,786,48,3,45
 , 30-34,35166,18097,17069,14016,8572,5444,18404,8303,10101,2635,1209,1426,111,13,98
 , 35-39,34548,18046,16502,6939,4295,2644,23784,11954,11830,3534,1758,1776,291,39,252
 , 40-44,36296,19045,17251,4508,2731,1777,27091,14061,13030,4143,2179,1964,554,74,480
 , 45-49,36887,19104,17783,3032,1847,1185,28548,14883,13665,4204,2223,1981,1103,151,952
 , 50-54,32519,16535,15984,1897,1120,777,25635,13423,12212,3302,1762,1540,1685,230,1455
 , 55-59,26820,13459,13361,1198,665,533,21297,11327,9970,2120,1199,921,2205,268,1937
 , 60-64,16509,8192,8317,533,300,233,12994,7036,5958,869,546,323,2113,310,1803
 , 65-69,18692,9118,9574,451,307,144,14026,7811,6215,613,418,195,3602,582,3020
 , 70-74,15874,7644,8230,375,284,91,10793,6285,4508,350,215,135,4356,860,3496
 , 75-79,12275,6008,6267,312,243,69,7002,4516,2486,249,151,98,4712,1098,3614
 , 80-84,7546,3783,3763,248,199,49,3432,2509,923,142,90,52,3724,985,2739
 , 85-89,3471,1522,1949,120,84,36,1069,804,265,63,44,19,2219,590,1629
 , 90-94,1005,364,641,53,42,11,184,141,43,15,9,6,753,172,581
 , 95-99,230,93,137,18,15,3,35,33,2,1,0,1,176,45,131
 ,100,33,19,14,9,8,1,4,3,1,1,1,0,19,7,12
2009,,,,,,,,,,,,,,,,
 , 總計,461625,235714,225911,203314,110777,92537,205240,106513,98727,24980,12956,12024,28091,5468,22623
 , 未滿15,73639,38485,35154,73639,38485,35154,0,0,0,0,0,0,0,0,0
 , 15-19,33960,17657,16303,33817,17635,16182,128,19,109,15,3,12,0,0,0
 , 20-24,32891,17058,15833,31209,16613,14596,1480,393,1087,196,50,146,6,2,4
 , 25-29,38380,19478,18902,28542,16032,12510,8645,3045,5600,1150,397,753,43,4,39
 , 30-34,36032,18458,17574,15235,9250,5985,18022,7978,10044,2669,1218,1451,106,12,94
 , 35-39,33762,17348,16414,7278,4477,2801,22702,11088,11614,3515,1746,1769,267,37,230
 , 40-44,36206,19063,17143,4747,2850,1897,26598,13804,12794,4342,2334,2008,519,75,444
 , 45-49,37365,19398,17967,3255,1968,1287,28604,14977,13627,4440,2312,2128,1066,141,925
 , 50-54,33572,17102,16470,2096,1249,847,26101,13671,12430,3716,1949,1767,1659,233,1426
 , 55-59,28399,14215,14184,1305,738,567,22445,11863,10582,2377,1340,1037,2272,274,1998
 , 60-64,17369,8597,8772,632,340,292,13513,7306,6207,1040,633,407,2184,318,1866
 , 65-69,18206,8859,9347,432,281,151,13627,7585,6042,661,440,221,3486,553,2933
 , 70-74,16231,7822,8409,382,284,98,11079,6448,4631,377,237,140,4393,853,3540
 , 75-79,12511,6026,6485,288,218,70,7232,4592,2640,239,141,98,4752,1075,3677
 , 80-84,8003,3973,4030,243,194,49,3649,2663,986,157,101,56,3954,1015,2939
 , 85-89,3698,1636,2062,138,100,38,1158,877,281,67,42,25,2335,617,1718
 , 90-94,1118,415,703,46,37,9,213,165,48,19,13,6,840,200,640
 , 95-99,244,105,139,22,19,3,39,35,4,0,0,0,183,51,132
 ,100,39,19,20,8,7,1,5,4,1,0,0,0,26,8,18
2010,,,,,,,,,,,,,,,,
 , 總計,460486,234682,225804,201442,109766,91676,204399,105856,98543,26173,13564,12609,28472,5496,22976
 , 未滿15,70271,36733,33538,70271,36733,33538,0,0,0,0,0,0,0,0,0
 , 15-19,33795,17481,16314,33648,17452,16196,136,27,109,10,2,8,1,0,1
 , 20-24,32938,17200,15738,31369,16783,14586,1373,363,1010,194,54,140,2,0,2
 , 25-29,37110,18802,18308,27962,15583,12379,8023,2854,5169,1086,361,725,39,4,35
 , 30-34,36503,18723,17780,16196,9823,6373,17541,7692,9849,2666,1192,1474,100,16,84
 , 35-39,32945,16773,16172,7621,4684,2937,21525,10313,11212,3549,1736,1813,250,40,210
 , 40-44,36112,18925,17187,4995,3039,1956,26112,13403,12709,4497,2408,2089,508,75,433
 , 45-49,37095,19269,17826,3436,2023,1413,28051,14697,13354,4605,2419,2186,1003,130,873
 , 50-54,34275,17447,16828,2247,1330,917,26426,13795,12631,3991,2103,1888,1611,219,1392
 , 55-59,29882,14956,14926,1422,809,613,23385,12330,11055,2743,1523,1220,2332,294,2038
 , 60-64,19246,9603,9643,728,397,331,14920,8129,6791,1229,739,490,2369,338,2031
 , 65-69,16874,8194,8680,420,265,155,12581,6962,5619,692,462,230,3181,505,2676
 , 70-74,16792,8033,8759,391,270,121,11539,6679,4860,411,263,148,4451,821,3630
 , 75-79,12662,5965,6697,275,209,66,7318,4567,2751,230,129,101,4839,1060,3779
 , 80-84,8503,4215,4288,244,191,53,3948,2869,1079,180,119,61,4131,1036,3095
 , 85-89,3882,1708,2174,135,103,32,1206,928,278,67,36,31,2474,641,1833
 , 90-94,1296,534,762,54,46,8,270,213,57,22,17,5,950,258,692
 , 95-99,260,102,158,20,18,2,39,31,8,1,1,0,200,52,148
 ,100,45,19,26,8,8,0,6,4,2,0,0,0,31,7,24
2011,,,,,,,,,,,,,,,,
 , 總計,459061,233661,225400,198835,108379,90456,204050,105611,98439,27289,14154,13135,28887,5517,23370
 , 未滿15,66899,34855,32044,66899,34855,32044,0,0,0,0,0,0,0,0,0
 , 15-19,33803,17580,16223,33675,17554,16121,120,25,95,8,1,7,0,0,0
 , 20-24,33367,17404,15963,31816,16978,14838,1366,377,989,184,49,135,1,0,1
 , 25-29,34923,17856,17067,26325,14779,11546,7550,2725,4825,1019,349,670,29,3,26
 , 30-34,36233,18526,17707,16702,10056,6646,16910,7354,9556,2516,1101,1415,105,15,90
 , 35-39,33209,16859,16350,8204,5022,3182,21067,10011,11056,3695,1795,1900,243,31,212
 , 40-44,35445,18439,17006,5239,3177,2062,25225,12821,12404,4480,2358,2122,501,83,418
 , 45-49,36990,19224,17766,3640,2124,1516,27552,14385,13167,4845,2590,2255,953,125,828
 , 50-54,34919,17783,17136,2398,1436,962,26741,13931,12810,4193,2195,1998,1587,221,1366
 , 55-59,30738,15456,15282,1557,883,674,23829,12599,11230,3058,1681,1377,2294,293,2001
 , 60-64,21869,10869,11000,835,441,394,16809,9138,7671,1566,927,639,2659,363,2296
 , 65-69,15985,7811,8174,451,281,170,11927,6611,5316,717,477,240,2890,442,2448
 , 70-74,17020,8153,8867,376,249,127,11686,6753,4933,469,307,162,4489,844,3645
 , 75-79,12823,5981,6842,268,198,70,7419,4607,2812,249,143,106,4887,1033,3854
 , 80-84,8850,4276,4574,230,174,56,4127,2928,1199,185,119,66,4308,1055,3253
 , 85-89,4274,1900,2374,146,114,32,1373,1072,301,76,41,35,2679,673,2006
 , 90-94,1402,570,832,47,34,13,307,239,68,26,18,8,1022,279,743
 , 95-99,269,101,168,19,17,2,37,32,5,3,3,0,210,49,161
 ,100,43,18,25,8,7,1,5,3,2,0,0,0,30,8,22
2012,,,,,,,,,,,,,,,,
 , 總計,458595,233276,225319,197577,107671,89906,203645,105439,98206,28246,14628,13618,29127,5538,23589
 , 未滿15,63965,33314,30651,63965,33314,30651,0,0,0,0,0,0,0,0,0
 , 15-19,33806,17557,16249,33686,17534,16152,109,21,88,11,2,9,0,0,0
 , 20-24,33710,17653,16057,32116,17186,14930,1402,411,991,191,56,135,1,0,1
 , 25-29,33228,17063,16165,25477,14237,11240,6849,2536,4313,884,287,597,18,3,15
 , 30-34,36468,18638,17830,17460,10480,6980,16512,7143,9369,2388,999,1389,108,16,92
 , 35-39,33424,17010,16414,8848,5392,3456,20620,9756,10864,3727,1831,1896,229,31,198
 , 40-44,34950,18007,16943,5423,3251,2172,24466,12322,12144,4594,2370,2224,467,64,403
 , 45-49,36491,19017,17474,3851,2260,1591,26877,13995,12882,4871,2635,2236,892,127,765
 , 50-54,35979,18316,17663,2596,1535,1061,27250,14178,13072,4561,2374,2187,1572,229,1343
 , 55-59,31465,15876,15589,1655,927,728,24237,12825,11412,3295,1798,1497,2278,326,1952
 , 60-64,23972,11947,12025,977,526,451,18309,9978,8331,1856,1074,782,2830,369,2461
 , 65-69,15362,7514,7848,452,260,192,11437,6326,5111,781,521,260,2692,407,2285
 , 70-74,17117,8164,8953,363,243,120,11732,6774,4958,507,334,173,4515,813,3702
 , 75-79,13219,6172,7047,274,198,76,7800,4802,2998,276,156,120,4869,1016,3853
 , 80-84,9078,4240,4838,216,158,58,4152,2883,1269,187,116,71,4523,1083,3440
 , 85-89,4488,2048,2440,140,110,30,1515,1195,320,83,50,33,2750,693,2057
 , 90-94,1518,598,920,47,30,17,320,249,71,29,20,9,1122,299,823
 , 95-99,308,119,189,21,21,0,50,39,11,5,5,0,232,54,178
 ,100,47,23,24,10,9,1,8,6,2,0,0,0,29,8,21
2013,,,,,,,,,,,,,,,,
 , 總計,458456,233000,225456,196176,106908,89268,203644,105460,98184,29189,15073,14116,29447,5559,23888
 , 未滿15,62116,32434,29682,62115,32433,29682,1,1,0,0,0,0,0,0,0
 , 15-19,32317,16809,15508,32196,16787,15409,113,21,92,8,1,7,0,0,0
 , 20-24,33749,17565,16184,32195,17083,15112,1379,428,951,174,54,120,1,0,1
 , 25-29,32579,16872,15707,25399,14207,11192,6401,2404,3997,765,258,507,14,3,11
 , 30-34,36231,18521,17710,17758,10582,7176,16087,7018,9069,2282,907,1375,104,14,90
 , 35-39,33771,17088,16683,9526,5795,3731,20292,9447,10845,3755,1821,1934,198,25,173
 , 40-44,34371,17649,16722,5717,3405,2312,23604,11852,11752,4583,2332,2251,467,60,407
 , 45-49,36244,18832,17412,4066,2373,1693,26303,13625,12678,5027,2717,2310,848,117,731
 , 50-54,36763,18828,17935,2829,1677,1152,27633,14386,13247,4787,2538,2249,1514,227,1287
 , 55-59,32203,16269,15934,1760,994,766,24586,13016,11570,3603,1935,1668,2254,324,1930
 , 60-64,26038,12947,13091,1087,585,502,19840,10756,9084,2174,1217,957,2937,389,2548
 , 65-69,15367,7517,7850,473,251,222,11368,6308,5060,866,553,313,2660,405,2255
 , 70-74,17043,8116,8927,363,235,128,11622,6722,4900,565,383,182,4493,776,3717
 , 75-79,13502,6236,7266,289,204,85,8045,4897,3148,293,174,119,4875,961,3914
 , 80-84,9329,4316,5013,199,147,52,4291,2943,1348,184,105,79,4655,1121,3534
 , 85-89,4848,2242,2606,132,99,33,1676,1323,353,94,58,36,2946,762,2184
 , 90-94,1606,621,985,53,33,20,340,265,75,25,17,8,1188,306,882
 , 95-99,328,116,212,12,12,0,54,41,13,4,3,1,258,60,198
 ,100,51,22,29,7,6,1,9,7,2,0,0,0,35,9,26
2014,,,,,,,,,,,,,,,,
 , 總計,458777,232814,225963,195264,106348,88916,203588,105435,98153,30163,15502,14661,29762,5529,24233
 , 未滿15,60479,31514,28965,60479,31514,28965,0,0,0,0,0,0,0,0,0
 , 15-19,31178,16324,14854,31065,16302,14763,98,18,80,15,4,11,0,0,0
 , 20-24,34049,17694,16355,32424,17180,15244,1443,457,986,180,57,123,2,0,2
 , 25-29,31810,16609,15201,25195,14060,11135,5948,2313,3635,654,235,419,13,1,12
 , 30-34,35520,18096,17424,17833,10542,7291,15455,6719,8736,2131,825,1306,101,10,91
 , 35-39,34402,17452,16950,10207,6193,4014,20226,9433,10793,3785,1795,1990,184,31,153
 , 40-44,33700,17042,16658,5988,3539,2449,22735,11165,11570,4551,2282,2269,426,56,370
 , 45-49,36128,18803,17325,4296,2490,1806,25845,13377,12468,5173,2818,2355,814,118,696
 , 50-54,37201,19087,18114,3043,1783,1260,27663,14452,13211,5007,2641,2366,1488,211,1277
 , 55-59,33315,16841,16474,1941,1103,838,25156,13331,11825,3972,2077,1895,2246,330,1916
 , 60-64,27557,13683,13874,1173,638,535,20936,11278,9658,2440,1364,1076,3008,403,2605
 , 65-69,16243,7935,8308,570,290,280,11863,6603,5260,1023,617,406,2787,425,2362
 , 70-74,16528,7797,8731,350,212,138,11247,6469,4778,611,410,201,4320,706,3614
 , 75-79,13852,6426,7426,309,223,86,8271,5049,3222,316,196,120,4956,958,3998
 , 80-84,9544,4316,5228,191,137,54,4488,3016,1472,171,94,77,4694,1069,3625
 , 85-89,5177,2369,2808,134,94,40,1777,1399,378,103,67,36,3163,809,2354
 , 90-94,1678,667,1011,48,30,18,373,302,71,24,14,10,1233,321,912
 , 95-99,361,131,230,12,12,0,54,45,9,7,6,1,288,68,220
 ,100,55,28,27,6,6,0,10,9,1,0,0,0,39,13,26
2015,,,,,,,,,,,,,,,,
 , 總計,458117,232217,225900,193678,105467,88211,203390,105289,98101,30993,15911,15082,30056,5550,24506
 , 未滿15,58182,30226,27956,58182,30226,27956,0,0,0,0,0,0,0,0,0
 , 15-19,30379,15963,14416,30248,15935,14313,121,27,94,10,1,9,0,0,0
 , 20-24,33942,17533,16409,32363,17041,15322,1399,429,970,178,63,115,2,0,2
 , 25-29,31902,16811,15091,25499,14278,11221,5745,2291,3454,643,242,401,15,0,15
 , 30-34,34321,17580,16741,17440,10288,7152,14795,6490,8305,2005,793,1212,81,9,72
 , 35-39,34840,17703,17137,10854,6594,4260,20098,9354,10744,3700,1722,1978,188,33,155
 , 40-44,32982,16549,16433,6272,3712,2560,21816,10574,11242,4495,2211,2284,399,52,347
 , 45-49,36212,18742,17470,4540,2657,1883,25554,13096,12458,5332,2878,2454,786,111,675
 , 50-54,37020,19003,18017,3225,1848,1377,27209,14214,12995,5153,2731,2422,1433,210,1223
 , 55-59,34093,17233,16860,2078,1170,908,25586,13509,12077,4240,2243,1997,2189,311,1878
 , 60-64,29066,14437,14629,1282,704,578,21944,11790,10154,2780,1515,1265,3060,428,2632
 , 65-69,17963,8867,9096,656,333,323,13098,7378,5720,1183,708,475,3026,448,2578
 , 70-74,15338,7250,8088,342,203,139,10414,5976,4438,633,417,216,3949,654,3295
 , 75-79,14412,6613,7799,306,201,105,8651,5239,3412,339,214,125,5116,959,4157
 , 80-84,9710,4305,5405,188,136,52,4547,3019,1528,163,84,79,4812,1066,3746
 , 85-89,5479,2502,2977,131,89,42,1931,1504,427,104,68,36,3313,841,2472
 , 90-94,1825,723,1102,51,34,17,410,340,70,30,17,13,1334,332,1002
 , 95-99,394,147,247,14,11,3,61,49,12,5,4,1,314,83,231
 ,100,57,30,27,7,7,0,11,10,1,0,0,0,39,13,26
2016,,,,,,,,,,,,,,,,
 , 總計,457538,231722,225816,192173,104639,87534,203168,105176,97992,31880,16354,15526,30317,5553,24764
 , 未滿15,56836,29577,27259,56836,29577,27259,0,0,0,0,0,0,0,0,0
 , 15-19,28715,14982,13733,28579,14952,13627,122,30,92,14,0,14,0,0,0
 , 20-24,34000,17668,16332,32392,17169,15223,1420,433,987,187,66,121,1,0,1
 , 25-29,32364,17079,15285,25948,14478,11470,5745,2349,3396,661,252,409,10,0,10
 , 30-34,32354,16704,15650,16646,9832,6814,13823,6142,7681,1818,725,1093,67,5,62
 , 35-39,34806,17617,17189,11320,6817,4503,19762,9135,10627,3550,1634,1916,174,31,143
 , 40-44,33282,16678,16604,6806,4025,2781,21504,10355,11149,4576,2252,2324,396,46,350
 , 45-49,35633,18318,17315,4771,2766,2005,24848,12659,12189,5264,2773,2491,750,120,630
 , 50-54,37002,18988,18014,3426,1941,1485,26801,13951,12850,5410,2896,2514,1365,200,1165
 , 55-59,34738,17522,17216,2235,1276,959,25844,13563,12281,4498,2368,2130,2161,315,1846
 , 60-64,30000,14985,15015,1420,773,647,22444,12087,10357,3114,1700,1414,3022,425,2597
 , 65-69,20476,10046,10430,748,366,382,14880,8324,6556,1468,863,605,3380,493,2887
 , 70-74,14522,6916,7606,371,217,154,9916,5719,4197,641,415,226,3594,565,3029
 , 75-79,14697,6753,7944,288,179,109,8840,5358,3482,376,240,136,5193,976,4217
 , 80-84,9884,4343,5541,192,137,55,4691,3085,1606,165,86,79,4836,1035,3801
 , 85-89,5714,2553,3161,119,79,40,1998,1546,452,97,61,36,3500,867,2633
 , 90-94,2034,813,1221,55,40,15,462,382,80,34,18,16,1483,373,1110
 , 95-99,410,147,263,15,9,6,55,45,10,7,5,2,333,88,245
 ,100,71,33,38,6,6,0,13,13,0,0,0,0,52,14,38
,,,,,,,,,,,,,,,,
 ,,,,,,,,,,,,,,,,
 ,,,,,,,,,,,,,,,,
